{
    "items": [
        {
            "Name": "--------------------- AllTheTime",
            "TextColor": {
                "r": 1.0,
                "g": 0.9764705896377564,
                "b": 0.95686274766922,
                "a": 1.0
            },
            "FontSize": 11,
            "FontStyle": 0,
            "ImageColor": {
                "r": 0.886274516582489,
                "g": 0.8549019694328308,
                "b": 0.7568627595901489,
                "a": 1.0
            },
            "ImageType": 0
        },
        {
            "Name": "--------------------- FirstPart",
            "TextColor": {
                "r": 1.0,
                "g": 0.9764705896377564,
                "b": 0.95686274766922,
                "a": 1.0
            },
            "FontSize": 11,
            "FontStyle": 0,
            "ImageColor": {
                "r": 0.886274516582489,
                "g": 0.8549019694328308,
                "b": 0.7568627595901489,
                "a": 1.0
            },
            "ImageType": 0
        },
        {
            "Name": "--------------------- MonsterInHousePart",
            "TextColor": {
                "r": 1.0,
                "g": 0.9764705896377564,
                "b": 0.95686274766922,
                "a": 1.0
            },
            "FontSize": 11,
            "FontStyle": 0,
            "ImageColor": {
                "r": 0.886274516582489,
                "g": 0.8549019694328308,
                "b": 0.7568627595901489,
                "a": 1.0
            },
            "ImageType": 0
        },
        {
            "Name": "HospitalPart",
            "TextColor": {
                "r": 1.0,
                "g": 0.9764705896377564,
                "b": 0.95686274766922,
                "a": 1.0
            },
            "FontSize": 11,
            "FontStyle": 0,
            "ImageColor": {
                "r": 0.886274516582489,
                "g": 0.8549019694328308,
                "b": 0.7568627595901489,
                "a": 1.0
            },
            "ImageType": 0
        }
    ]
}