{
    "ComponentIconsSize": 0.8999999761581421,
    "ComponentIconsOffset": 25,
    "ComponentIconsSpacing": 1.0,
    "HierarchyTreeColor": {
        "r": 0.42352941632270815,
        "g": 0.42352941632270815,
        "b": 0.42352941632270815,
        "a": 1.0
    },
    "TreeBranchImageType_I": 0,
    "TreeBranchImageType_L": 0,
    "TreeBranchImageType_T": 0,
    "TreeBranchImageType_TerminalBud": 0,
    "TagColor": {
        "r": 0.650943398475647,
        "g": 0.650943398475647,
        "b": 0.650943398475647,
        "a": 1.0
    },
    "TagTextAnchor": 5,
    "TagFontStyle": 2,
    "TagFontSize": 10,
    "LayerColor": {
        "r": 0.6509804129600525,
        "g": 0.6509804129600525,
        "b": 0.6509804129600525,
        "a": 1.0
    },
    "LayerTextAnchor": 3,
    "LayerFontStyle": 2,
    "LayerFontSize": 10,
    "TagLayerOffset": 10,
    "TagLayerSpacing": 5,
    "HierarchyLineColor": {
        "r": 0.9803921580314636,
        "g": 0.9450980424880981,
        "b": 0.9176470637321472,
        "a": 0.501960813999176
    },
    "HierarchyLineThickness": 1,
    "FolderDefaultTextColor": {
        "r": 1.0,
        "g": 0.9764705896377564,
        "b": 0.95686274766922,
        "a": 1.0
    },
    "FolderDefaultFontSize": 11,
    "FolderDefaultFontStyle": 0,
    "FolderDefaultImageColor": {
        "r": 0.886274516582489,
        "g": 0.8549019694328308,
        "b": 0.7568627595901489,
        "a": 1.0
    },
    "FolderDefaultImageType": 0,
    "SeparatorDefaultTextColor": {
        "r": 0.27450981736183169,
        "g": 0.27450981736183169,
        "b": 0.27450981736183169,
        "a": 1.0
    },
    "SeparatorDefaultIsGradientBackground": false,
    "SeparatorDefaultBackgroundColor": {
        "r": 1.0,
        "g": 0.9764705896377564,
        "b": 0.95686274766922,
        "a": 1.0
    },
    "SeparatorDefaultBackgroundGradient": {
        "serializedVersion": "2",
        "key0": {
            "r": 1.0,
            "g": 1.0,
            "b": 1.0,
            "a": 1.0
        },
        "key1": {
            "r": 1.0,
            "g": 1.0,
            "b": 1.0,
            "a": 1.0
        },
        "key2": {
            "r": 0.0,
            "g": 0.0,
            "b": 0.0,
            "a": 0.0
        },
        "key3": {
            "r": 0.0,
            "g": 0.0,
            "b": 0.0,
            "a": 0.0
        },
        "key4": {
            "r": 0.0,
            "g": 0.0,
            "b": 0.0,
            "a": 0.0
        },
        "key5": {
            "r": 0.0,
            "g": 0.0,
            "b": 0.0,
            "a": 0.0
        },
        "key6": {
            "r": 0.0,
            "g": 0.0,
            "b": 0.0,
            "a": 0.0
        },
        "key7": {
            "r": 0.0,
            "g": 0.0,
            "b": 0.0,
            "a": 0.0
        },
        "ctime0": 0,
        "ctime1": 65535,
        "ctime2": 0,
        "ctime3": 0,
        "ctime4": 0,
        "ctime5": 0,
        "ctime6": 0,
        "ctime7": 0,
        "atime0": 0,
        "atime1": 65535,
        "atime2": 0,
        "atime3": 0,
        "atime4": 0,
        "atime5": 0,
        "atime6": 0,
        "atime7": 0,
        "m_Mode": 0,
        "m_ColorSpace": -1,
        "m_NumColorKeys": 2,
        "m_NumAlphaKeys": 2
    },
    "SeparatorDefaultFontSize": 11,
    "SeparatorDefaultFontStyle": 0,
    "SeparatorDefaultTextAnchor": 4,
    "SeparatorDefaultImageType": 6,
    "SeparatorLeftSideTextAnchorOffset": 3,
    "SeparatorRightSideTextAnchorOffset": 36,
    "LockColor": {
        "r": 0.9803921580314636,
        "g": 0.9450980424880981,
        "b": 0.9176470637321472,
        "a": 1.0
    },
    "LockTextAnchor": 4,
    "LockFontStyle": 0,
    "LockFontSize": 10
}